"bc"	"cell_type"
"AATCGGTGTGCTTT-1"	"AATCGGTGTGCTTT-1"	"Naive CD4 T"
"TACTGGGATCGATG-1"	"TACTGGGATCGATG-1"	"Naive CD4 T"
"AACATTGATGGGAG-1"	"AACATTGATGGGAG-1"	"FCGR3A+ Mono"
"AAGCCATGTCTCGC-1"	"AAGCCATGTCTCGC-1"	"Naive CD4 T"
"TGTGGATGGCCAAT-1"	"TGTGGATGGCCAAT-1"	"B"
"TGGTATCTCTTCCG-1"	"TGGTATCTCTTCCG-1"	"Naive CD4 T"
"AAGTCTCTAGTCGT-1"	"AAGTCTCTAGTCGT-1"	"Naive CD4 T"
"CAGGGCACCATACG-1"	"CAGGGCACCATACG-1"	"B"
"TACTCTGATTGACG-1"	"TACTCTGATTGACG-1"	"B"
"ATGTTCACCGTAGT-1"	"ATGTTCACCGTAGT-1"	"Memory CD4 T"
"GGAATCTGAGGAGC-1"	"GGAATCTGAGGAGC-1"	"Memory CD4 T"
"AAACATTGAGCTAC-1"	"AAACATTGAGCTAC-1"	"B"
"AAAGTTTGTAGAGA-1"	"AAAGTTTGTAGAGA-1"	"Naive CD4 T"
"CTATCAACGAACTC-1"	"CTATCAACGAACTC-1"	"Naive CD4 T"
"ATGTACCTTTATCC-1"	"ATGTACCTTTATCC-1"	"CD14+ Mono"
"GGATTTCTTTGTCT-1"	"GGATTTCTTTGTCT-1"	"CD14+ Mono"
"GCCTCATGTCTTAC-1"	"GCCTCATGTCTTAC-1"	"CD8 T"
"GGACGAGAGTGTCA-1"	"GGACGAGAGTGTCA-1"	"CD14+ Mono"
"ATCTGGGATTCCGC-1"	"ATCTGGGATTCCGC-1"	"CD8 T"
"CTATGTACTGTTTC-1"	"CTATGTACTGTTTC-1"	"B"
"TACTGTTGAAAGCA-1"	"TACTGTTGAAAGCA-1"	"Naive CD4 T"
"CAGTGTGAACACGT-1"	"CAGTGTGAACACGT-1"	"UNDETERMINED"
"TCGACCTGCCGATA-1"	"TCGACCTGCCGATA-1"	"FCGR3A+ Mono"
"TACTACACTTACCT-1"	"TACTACACTTACCT-1"	"B"
"TCGAGAACGACAGG-1"	"TCGAGAACGACAGG-1"	"Memory CD4 T"
"CAAGAAGACCACAA-1"	"CAAGAAGACCACAA-1"	"CD8 T"
"TTGTACACGTTGTG-1"	"TTGTACACGTTGTG-1"	"B"
"GTATCACTGGTAGG-1"	"GTATCACTGGTAGG-1"	"CD14+ Mono"
"TACCATTGCGGGAA-1"	"TACCATTGCGGGAA-1"	"CD14+ Mono"
"TACTTTCTTTTGGG-1"	"TACTTTCTTTTGGG-1"	"CD8 T"
"AGATCGTGTCTGGA-1"	"AGATCGTGTCTGGA-1"	"CD14+ Mono"
"AGCTTTACAAGTAG-1"	"AGCTTTACAAGTAG-1"	"Naive CD4 T"
"GAACCTGAACGTGT-1"	"GAACCTGAACGTGT-1"	"Memory CD4 T"
"ATAATGACCTACTT-1"	"ATAATGACCTACTT-1"	"Memory CD4 T"
"GTACGTGAACGTTG-1"	"GTACGTGAACGTTG-1"	"CD8 T"
"GAAGTGCTAAACGA-1"	"GAAGTGCTAAACGA-1"	"NK"
"GCTTAACTGCTGAT-1"	"GCTTAACTGCTGAT-1"	"Naive CD4 T"
"GTTGAGTGGTCTTT-1"	"GTTGAGTGGTCTTT-1"	"CD14+ Mono"
"TGAGCTGAATGCTG-1"	"TGAGCTGAATGCTG-1"	"FCGR3A+ Mono"
"GGCGGACTCTGACA-1"	"GGCGGACTCTGACA-1"	"Naive CD4 T"
"GGAGCAGATTCAGG-1"	"GGAGCAGATTCAGG-1"	"B"
"TCAGTTACTAGAAG-1"	"TCAGTTACTAGAAG-1"	"Naive CD4 T"
"ATCTCAACAGGAGC-1"	"ATCTCAACAGGAGC-1"	"B"
"CCTTTAGATTCATC-1"	"CCTTTAGATTCATC-1"	"CD14+ Mono"
"GCGATATGGTGTTG-1"	"GCGATATGGTGTTG-1"	"Naive CD4 T"
"GTAGACTGTATTCC-1"	"GTAGACTGTATTCC-1"	"Naive CD4 T"
"GACAACACTCGCCT-1"	"GACAACACTCGCCT-1"	"Naive CD4 T"
"TTACGTACGTTCAG-1"	"TTACGTACGTTCAG-1"	"Platelet"
"ATCGGAACCAGTCA-1"	"ATCGGAACCAGTCA-1"	"Naive CD4 T"
"TCTCTAGAATTTCC-1"	"TCTCTAGAATTTCC-1"	"Memory CD4 T"
"AGACCTGAAGTAGA-1"	"AGACCTGAAGTAGA-1"	"CD14+ Mono"
"GCTCCATGCCGAAT-1"	"GCTCCATGCCGAAT-1"	"Naive CD4 T"
"GGACGCTGCTAGCA-1"	"GGACGCTGCTAGCA-1"	"Naive CD4 T"
"CTTTAGACCGTGAT-1"	"CTTTAGACCGTGAT-1"	"Naive CD4 T"
"AACAATACGACGAG-1"	"AACAATACGACGAG-1"	"Naive CD4 T"
"CAGGCCGAATCTCT-1"	"CAGGCCGAATCTCT-1"	"FCGR3A+ Mono"
"CGAGGAGATGTCGA-1"	"CGAGGAGATGTCGA-1"	"Naive CD4 T"
"GATTCGGACAGGAG-1"	"GATTCGGACAGGAG-1"	"CD14+ Mono"
"TACATCACTGAACC-1"	"TACATCACTGAACC-1"	"FCGR3A+ Mono"
"CCAACCTGTTCGCC-1"	"CCAACCTGTTCGCC-1"	"CD14+ Mono"
"ATTGTAGATTGCAG-1"	"ATTGTAGATTGCAG-1"	"Naive CD4 T"
"GCCCAACTACCGAT-1"	"GCCCAACTACCGAT-1"	"Naive CD4 T"
"AAACGCTGTTTCTG-1"	"AAACGCTGTTTCTG-1"	"FCGR3A+ Mono"
"AGGTCATGCTTATC-1"	"AGGTCATGCTTATC-1"	"CD8 T"
"CACTGAGACAGTCA-1"	"CACTGAGACAGTCA-1"	"CD14+ Mono"
"AGTCCAGATATCTC-1"	"AGTCCAGATATCTC-1"	"Naive CD4 T"
"CGACGTCTCGTGTA-1"	"CGACGTCTCGTGTA-1"	"Memory CD4 T"
"CAAGGTTGTCATTC-1"	"CAAGGTTGTCATTC-1"	"B"
"AAGGTCACTTCCCG-1"	"AAGGTCACTTCCCG-1"	"CD8 T"
"ACGCGGTGTGTGGT-1"	"ACGCGGTGTGTGGT-1"	"B"
"GTCAATCTGTAGCT-1"	"GTCAATCTGTAGCT-1"	"CD8 T"
"AGGTTCGAACGTAC-1"	"AGGTTCGAACGTAC-1"	"CD14+ Mono"
"TATCGTACAGATGA-1"	"TATCGTACAGATGA-1"	"CD8 T"
"TGAGTGACTGAGCT-1"	"TGAGTGACTGAGCT-1"	"Naive CD4 T"
"CAACGTGATCAAGC-1"	"CAACGTGATCAAGC-1"	"CD14+ Mono"
"ATGATATGTTGTCT-1"	"ATGATATGTTGTCT-1"	"CD14+ Mono"
"CGTGTAGAGTTACG-1"	"CGTGTAGAGTTACG-1"	"NK"
"TTAGTCTGAAAGCA-1"	"TTAGTCTGAAAGCA-1"	"B"
"TTATGCACGTCACA-1"	"TTATGCACGTCACA-1"	"B"
"AATACCCTGGACGA-1"	"AATACCCTGGACGA-1"	"B"
"CTACTATGAACCAC-1"	"CTACTATGAACCAC-1"	"CD14+ Mono"
"GAAGGTCTTAAAGG-1"	"GAAGGTCTTAAAGG-1"	"DC"
"CCACTGACCCGCTT-1"	"CCACTGACCCGCTT-1"	"CD14+ Mono"
"CCAGTCACGTTGTG-1"	"CCAGTCACGTTGTG-1"	"Naive CD4 T"
"GTTATAGAGGACAG-1"	"GTTATAGAGGACAG-1"	"Naive CD4 T"
"GCAATTCTTCTCCG-1"	"GCAATTCTTCTCCG-1"	"Memory CD4 T"
"AGAGTGCTGTCATG-1"	"AGAGTGCTGTCATG-1"	"Memory CD4 T"
"GCACTAGATGCAAC-1"	"GCACTAGATGCAAC-1"	"Naive CD4 T"
"CTACGCACACCTAG-1"	"CTACGCACACCTAG-1"	"FCGR3A+ Mono"
"CCCTTACTGCAGTT-1"	"CCCTTACTGCAGTT-1"	"Naive CD4 T"
"ATTGCACTGGAGCA-1"	"ATTGCACTGGAGCA-1"	"CD14+ Mono"
"TTGCTAACACGCTA-1"	"TTGCTAACACGCTA-1"	"FCGR3A+ Mono"
"AAGGTCACGGTTAC-1"	"AAGGTCACGGTTAC-1"	"CD14+ Mono"
"ATGGGTACTATTCC-1"	"ATGGGTACTATTCC-1"	"Memory CD4 T"
"CATCATACCGCATA-1"	"CATCATACCGCATA-1"	"CD14+ Mono"
"GATGCCCTGGCAAG-1"	"GATGCCCTGGCAAG-1"	"CD14+ Mono"
"GGCCACGACAGAGG-1"	"GGCCACGACAGAGG-1"	"Naive CD4 T"
"ATGAAACTGAGGCA-1"	"ATGAAACTGAGGCA-1"	"Naive CD4 T"
"TGCCGACTCTCCCA-1"	"TGCCGACTCTCCCA-1"	"B"
"TAGGAGCTGAGGGT-1"	"TAGGAGCTGAGGGT-1"	"Naive CD4 T"
"ATGAAGGACTTGCC-1"	"ATGAAGGACTTGCC-1"	"NK"
"TGTTACTGGCTACA-1"	"TGTTACTGGCTACA-1"	"CD8 T"
"TGACGATGCAAAGA-1"	"TGACGATGCAAAGA-1"	"CD14+ Mono"
"GAGTTGTGTATGCG-1"	"GAGTTGTGTATGCG-1"	"FCGR3A+ Mono"
"GATTTAGACACTCC-1"	"GATTTAGACACTCC-1"	"FCGR3A+ Mono"
"TGCCAAGATCTCTA-1"	"TGCCAAGATCTCTA-1"	"Memory CD4 T"
"CTATCCCTCCACCT-1"	"CTATCCCTCCACCT-1"	"CD14+ Mono"
"GATCTTACGAGATA-1"	"GATCTTACGAGATA-1"	"CD14+ Mono"
"TTGAATGACTTACT-1"	"TTGAATGACTTACT-1"	"Naive CD4 T"
"TGCGTAGATGGTCA-1"	"TGCGTAGATGGTCA-1"	"FCGR3A+ Mono"
"GAACCAACCACAAC-1"	"GAACCAACCACAAC-1"	"Naive CD4 T"
"CCGCGAGACACACA-1"	"CCGCGAGACACACA-1"	"CD14+ Mono"
"AACCCAGATCGCTC-1"	"AACCCAGATCGCTC-1"	"Naive CD4 T"
"GTTAACCTTGCTTT-1"	"GTTAACCTTGCTTT-1"	"DC"
"GCCAACCTACGGTT-1"	"GCCAACCTACGGTT-1"	"Naive CD4 T"
"GTCATACTAATCGC-1"	"GTCATACTAATCGC-1"	"B"
"TGATTCTGCTCTTA-1"	"TGATTCTGCTCTTA-1"	"Memory CD4 T"
"AAGCGTACGTCTTT-1"	"AAGCGTACGTCTTT-1"	"Naive CD4 T"
"GACTGAACAACCGT-1"	"GACTGAACAACCGT-1"	"UNDETERMINED"
"TTGGTACTCTTAGG-1"	"TTGGTACTCTTAGG-1"	"Naive CD4 T"
"CTAGAGACTTTGGG-1"	"CTAGAGACTTTGGG-1"	"FCGR3A+ Mono"
"TTCAAGCTAGATGA-1"	"TTCAAGCTAGATGA-1"	"Memory CD4 T"
"ACGATGACAATGCC-1"	"ACGATGACAATGCC-1"	"Memory CD4 T"
"CCACCATGGACGAG-1"	"CCACCATGGACGAG-1"	"FCGR3A+ Mono"
"ACTTAAGAACCACA-1"	"ACTTAAGAACCACA-1"	"Naive CD4 T"
"GTCATACTTCGCCT-1"	"GTCATACTTCGCCT-1"	"Platelet"
"CCAGCGGAAAGGCG-1"	"CCAGCGGAAAGGCG-1"	"CD14+ Mono"
"CTAAGGACCGTTAG-1"	"CTAAGGACCGTTAG-1"	"Memory CD4 T"
"CAGCAATGCCTTCG-1"	"CAGCAATGCCTTCG-1"	"Naive CD4 T"
"GAACACACGTGCAT-1"	"GAACACACGTGCAT-1"	"CD14+ Mono"
"AGCGATACGGAGCA-1"	"AGCGATACGGAGCA-1"	"Naive CD4 T"
"CATTAGCTCCACAA-1"	"CATTAGCTCCACAA-1"	"CD14+ Mono"
"ACCTTTGAGGAAGC-1"	"ACCTTTGAGGAAGC-1"	"CD14+ Mono"
"TTCGTATGTCCTTA-1"	"TTCGTATGTCCTTA-1"	"CD14+ Mono"
"TGCGATGAGTGCTA-1"	"TGCGATGAGTGCTA-1"	"CD14+ Mono"
"CATTTGACCCTGAA-1"	"CATTTGACCCTGAA-1"	"CD8 T"
"AGACGTACTCGTGA-1"	"AGACGTACTCGTGA-1"	"FCGR3A+ Mono"
"AACACGTGCAGAGG-1"	"AACACGTGCAGAGG-1"	"Memory CD4 T"
"TTACTCGACGCAAT-1"	"TTACTCGACGCAAT-1"	"DC"
"TAACGTCTCAACCA-1"	"TAACGTCTCAACCA-1"	"CD14+ Mono"
"TCAAGGACAGCGTT-1"	"TCAAGGACAGCGTT-1"	"Naive CD4 T"
"TTCTAGTGACACGT-1"	"TTCTAGTGACACGT-1"	"Memory CD4 T"
"GACTTTACGACAGG-1"	"GACTTTACGACAGG-1"	"B"
"CCGTACACAGCGTT-1"	"CCGTACACAGCGTT-1"	"B"
"TAACTCACGTACAC-1"	"TAACTCACGTACAC-1"	"B"
"ATTTAGGAACCATG-1"	"ATTTAGGAACCATG-1"	"FCGR3A+ Mono"
"GCTCGACTCTAGTG-1"	"GCTCGACTCTAGTG-1"	"CD14+ Mono"
"GCAACTGATTGCGA-1"	"GCAACTGATTGCGA-1"	"Naive CD4 T"
"AGTAATACATCACG-1"	"AGTAATACATCACG-1"	"NK"
"CCTAGAGAGGTGAG-1"	"CCTAGAGAGGTGAG-1"	"B"
"TTGCATTGCTAAGC-1"	"TTGCATTGCTAAGC-1"	"CD14+ Mono"
"CGTACCACACGTTG-1"	"CGTACCACACGTTG-1"	"Naive CD4 T"
"TGCGCACTCTTGAG-1"	"TGCGCACTCTTGAG-1"	"CD14+ Mono"
"GCTATACTGGACGA-1"	"GCTATACTGGACGA-1"	"Memory CD4 T"
"GAAGTGCTTAACCG-1"	"GAAGTGCTTAACCG-1"	"Memory CD4 T"
"GAGGGAACACCAGT-1"	"GAGGGAACACCAGT-1"	"Memory CD4 T"
"ATAGATTGGTGTAC-1"	"ATAGATTGGTGTAC-1"	"B"
"GTATCTACAGAAGT-1"	"GTATCTACAGAAGT-1"	"CD8 T"
"ATCGCAGAGTGTCA-1"	"ATCGCAGAGTGTCA-1"	"B"
"CATTTGTGCGGAGA-1"	"CATTTGTGCGGAGA-1"	"Naive CD4 T"
"TAAGCGTGTGCTCC-1"	"TAAGCGTGTGCTCC-1"	"FCGR3A+ Mono"
"AGTCTTACTTCGGA-1"	"AGTCTTACTTCGGA-1"	"Platelet"
"CCGTACACGTCATG-1"	"CCGTACACGTCATG-1"	"CD8 T"
"GTCAACGAGTGTAC-1"	"GTCAACGAGTGTAC-1"	"CD14+ Mono"
"GGACGCTGACGCAT-1"	"GGACGCTGACGCAT-1"	"CD8 T"
"CTAAGGTGTTTCTG-1"	"CTAAGGTGTTTCTG-1"	"Naive CD4 T"
"AAAGCCTGTATGCG-1"	"AAAGCCTGTATGCG-1"	"Memory CD4 T"
"AAAGCAGAAGCCAT-1"	"AAAGCAGAAGCCAT-1"	"UNDETERMINED"
"CACCGGGACTTGCC-1"	"CACCGGGACTTGCC-1"	"CD8 T"
"TTATCCGACTAGTG-1"	"TTATCCGACTAGTG-1"	"B"
"TTAGTCTGCCAACA-1"	"TTAGTCTGCCAACA-1"	"NK"
"CGAGCCGAACACCA-1"	"CGAGCCGAACACCA-1"	"Memory CD4 T"
"TTGCTATGGTACGT-1"	"TTGCTATGGTACGT-1"	"CD14+ Mono"
"ATTCCAACCATTGG-1"	"ATTCCAACCATTGG-1"	"CD14+ Mono"
"CTATAGCTGTCACA-1"	"CTATAGCTGTCACA-1"	"Naive CD4 T"
"CTGTATACGTAAAG-1"	"CTGTATACGTAAAG-1"	"Naive CD4 T"
"AAGCAAGAGCTTAG-1"	"AAGCAAGAGCTTAG-1"	"NK"
"ACGACCCTATCTCT-1"	"ACGACCCTATCTCT-1"	"FCGR3A+ Mono"
"CTAGAGACAGCATC-1"	"CTAGAGACAGCATC-1"	"CD8 T"
"TTGACACTCTGTAG-1"	"TTGACACTCTGTAG-1"	"Naive CD4 T"
"AATGGCTGCGTGAT-1"	"AATGGCTGCGTGAT-1"	"Memory CD4 T"
"TATGTCACTAACCG-1"	"TATGTCACTAACCG-1"	"CD14+ Mono"
"ACAGGTACCCCACT-1"	"ACAGGTACCCCACT-1"	"Naive CD4 T"
"CGCACTACTCGCCT-1"	"CGCACTACTCGCCT-1"	"B"
"GAACCAACTTCCGC-1"	"GAACCAACTTCCGC-1"	"NK"
"TGATCGGACTGACA-1"	"TGATCGGACTGACA-1"	"FCGR3A+ Mono"
"TTCAACACGGACGA-1"	"TTCAACACGGACGA-1"	"FCGR3A+ Mono"
"TCACGAGAGGAGGT-1"	"TCACGAGAGGAGGT-1"	"B"
"TACGATCTAGTGTC-1"	"TACGATCTAGTGTC-1"	"Naive CD4 T"
"CTAGATCTCTCTAT-1"	"CTAGATCTCTCTAT-1"	"Memory CD4 T"
"GGAACACTCACTTT-1"	"GGAACACTCACTTT-1"	"CD14+ Mono"
"CGCGATCTCAGTCA-1"	"CGCGATCTCAGTCA-1"	"CD14+ Mono"
"ACACGATGTCGTAG-1"	"ACACGATGTCGTAG-1"	"CD8 T"
"CTTTAGACTCATTC-1"	"CTTTAGACTCATTC-1"	"CD8 T"
"GGCAATACGCTAAC-1"	"GGCAATACGCTAAC-1"	"B"
"ACCCAAGAATTCCT-1"	"ACCCAAGAATTCCT-1"	"FCGR3A+ Mono"
"GAGGTTTGTAAGCC-1"	"GAGGTTTGTAAGCC-1"	"CD14+ Mono"
"CGCAACCTGGACGA-1"	"CGCAACCTGGACGA-1"	"Naive CD4 T"
"ATAATGACTCGTGA-1"	"ATAATGACTCGTGA-1"	"CD14+ Mono"
"TTGCTAACACCAAC-1"	"TTGCTAACACCAAC-1"	"CD8 T"
